antecedents,consequents,support,confidence,lift
面霜,精华,0.093632,0.46367165834719914,1.2650098717375624
套装,精华,0.093744,0.46319867183176533,1.2637194486537895
眼霜,精华,0.093724,0.462314036541573,1.2613059468689924
精华,套装,0.093744,0.2557565968963485,1.2637194486537893
精华,眼霜,0.093724,0.2557020319968571,1.2613059468689924
精华,面霜,0.093632,0.2554510334591964,1.2650098717375624
